suburb,region
Sydney,CBD & Inner City
Surry Hills,CBD & Inner City
Ultimo,CBD & Inner City
Redfern,Inner South
Waterloo,Inner South
Zetland,Inner South
Alexandria,Inner South
Mascot,Inner South
Burwood,Inner West
Strathfield,Inner West
Ashfield,Inner West
Leichhardt,Inner West
Marrickville,Inner West
Annandale,Inner West
Chatswood,North Shore
Artarmon,North Shore
North Sydney,North Shore
St Leonards,North Shore
Eastwood,North Shore
Epping,North Shore
Ryde,North Shore
Carlingford,North Shore
Hurstville,South / St George
Kogarah,South / St George
Rockdale,South / St George
Arncliffe,South / St George
Wolli Creek,South / St George
Miranda,South / St George
Parramatta,Western Sydney
Rhodes,Western Sydney
Bondi Junction,Eastern Suburbs
Bondi,Eastern Suburbs